{"id1":"ai","id2":"614929e5dc437220dafb260c","similarities":{"AVG":0.8205128205128205,"MAX":1.0},"matches":[{"file1":"ai\\code.js","file2":"614929e5dc437220dafb260c\\code.js","start1":13,"end1":30,"start2":21,"end2":31,"tokens":16}],"first_similarity":1.0,"second_similarity":0.6956521739130435}