{"id1":"ai","id2":"5fdcad62eed16d2504b27f5a","similarities":{"AVG":0.9696969696969697,"MAX":1.0},"matches":[{"file1":"ai\\code.js","file2":"5fdcad62eed16d2504b27f5a\\code.js","start1":13,"end1":17,"start2":14,"end2":20,"tokens":10},{"file1":"ai\\code.js","file2":"5fdcad62eed16d2504b27f5a\\code.js","start1":21,"end1":30,"start2":24,"end2":37,"tokens":6}],"first_similarity":1.0,"second_similarity":0.9411764705882353}