{"id1":"5ee890fabb763018d1ad774e","id2":"ai","similarities":{"MAX":0.875,"AVG":0.8235294117647058},"matches":[{"file1":"5ee890fabb763018d1ad774e\\code.js","file2":"ai\\code.js","start1":12,"end1":15,"start2":13,"end2":16,"tokens":8},{"file1":"5ee890fabb763018d1ad774e\\code.js","file2":"ai\\code.js","start1":17,"end1":21,"start2":19,"end2":23,"tokens":6}],"first_similarity":0.875,"second_similarity":0.7777777777777778}