{"id1":"ai","id2":"5f0da6848c9769018bb99f27","similarities":{"MAX":0.8333333333333334,"AVG":0.7692307692307693},"matches":[{"file1":"ai\\code.js","file2":"5f0da6848c9769018bb99f27\\code.js","start1":16,"end1":23,"start2":17,"end2":23,"tokens":9},{"file1":"ai\\code.js","file2":"5f0da6848c9769018bb99f27\\code.js","start1":13,"end1":14,"start2":12,"end2":14,"tokens":6}],"first_similarity":0.8333333333333334,"second_similarity":0.7142857142857143}