{"id1":"ai","id2":"5cabf58293e29a0016018c30","similarities":{"MAX":1.0,"AVG":0.5806451612903226},"matches":[{"file1":"ai\\code.js","file2":"5cabf58293e29a0016018c30\\code.js","start1":13,"end1":27,"start2":13,"end2":34,"tokens":18}],"first_similarity":1.0,"second_similarity":0.4090909090909091}