{"id1":"6623e8345875c239fcd2bd9e","id2":"ai","similarities":{"MAX":0.5263157894736842,"AVG":0.5},"matches":[{"file1":"6623e8345875c239fcd2bd9e\\code.js","file2":"ai\\code.js","start1":6,"end1":11,"start2":6,"end2":10,"tokens":10}],"first_similarity":0.5263157894736842,"second_similarity":0.47619047619047616}