{"id1":"ai","id2":"5df6304773d724428a9cff45","similarities":{"MAX":1.0,"AVG":0.9545454545454546},"matches":[{"file1":"ai\\code.js","file2":"5df6304773d724428a9cff45\\code.js","start1":6,"end1":13,"start2":6,"end2":14,"tokens":14},{"file1":"ai\\code.js","file2":"5df6304773d724428a9cff45\\code.js","start1":14,"end1":20,"start2":15,"end2":21,"tokens":7}],"first_similarity":1.0,"second_similarity":0.9130434782608695}