{"id1":"ai","id2":"6129091a4488538bc7654940","similarities":{"MAX":1.0,"AVG":0.9545454545454546},"matches":[{"file1":"ai\\code.js","file2":"6129091a4488538bc7654940\\code.js","start1":12,"end1":20,"start2":13,"end2":21,"tokens":11},{"file1":"ai\\code.js","file2":"6129091a4488538bc7654940\\code.js","start1":6,"end1":10,"start2":6,"end2":10,"tokens":10}],"first_similarity":1.0,"second_similarity":0.9130434782608695}