{"id1":"ai","id2":"5e5e743fb38121000bddcc08","similarities":{"AVG":0.8627450980392157,"MAX":0.88},"matches":[{"file1":"ai\\code.js","file2":"5e5e743fb38121000bddcc08\\code.js","start1":9,"end1":19,"start2":9,"end2":19,"tokens":15},{"file1":"ai\\code.js","file2":"5e5e743fb38121000bddcc08\\code.js","start1":5,"end1":7,"start2":5,"end2":7,"tokens":7}],"first_similarity":0.88,"second_similarity":0.8461538461538461}