{"id1":"ai","id2":"5c7c2ec06c42650001af30a4","similarities":{"AVG":0.8888888888888888,"MAX":0.96},"matches":[{"file1":"ai\\code.js","file2":"5c7c2ec06c42650001af30a4\\code.js","start1":5,"end1":15,"start2":5,"end2":17,"tokens":16},{"file1":"ai\\code.js","file2":"5c7c2ec06c42650001af30a4\\code.js","start1":17,"end1":23,"start2":23,"end2":28,"tokens":8}],"first_similarity":0.96,"second_similarity":0.8275862068965517}