{"id1":"ai","id2":"6640c3df2b3f09bdb21a6069","similarities":{"AVG":0.8461538461538461,"MAX":0.88},"matches":[{"file1":"ai\\code.js","file2":"6640c3df2b3f09bdb21a6069\\code.js","start1":5,"end1":12,"start2":5,"end2":14,"tokens":13},{"file1":"ai\\code.js","file2":"6640c3df2b3f09bdb21a6069\\code.js","start1":13,"end1":19,"start2":16,"end2":24,"tokens":9}],"first_similarity":0.88,"second_similarity":0.8148148148148148}