{"id1":"ai","id2":"65b011d3c75e0c8536526b93","similarities":{"MAX":1.0,"AVG":0.9230769230769231},"matches":[{"file1":"ai\\code.js","file2":"65b011d3c75e0c8536526b93\\code.js","start1":10,"end1":17,"start2":10,"end2":17,"tokens":9},{"file1":"ai\\code.js","file2":"65b011d3c75e0c8536526b93\\code.js","start1":18,"end1":26,"start2":18,"end2":29,"tokens":9},{"file1":"ai\\code.js","file2":"65b011d3c75e0c8536526b93\\code.js","start1":6,"end1":9,"start2":6,"end2":9,"tokens":6}],"first_similarity":1.0,"second_similarity":0.8571428571428571}