{"id1":"ai","id2":"6148bf90e4a4620ca010c833","similarities":{"AVG":0.8235294117647058,"MAX":0.84},"matches":[{"file1":"ai\\code.js","file2":"6148bf90e4a4620ca010c833\\code.js","start1":5,"end1":12,"start2":5,"end2":9,"tokens":13},{"file1":"ai\\code.js","file2":"6148bf90e4a4620ca010c833\\code.js","start1":17,"end1":23,"start2":10,"end2":12,"tokens":8}],"first_similarity":0.84,"second_similarity":0.8076923076923077}