{"id1":"ai","id2":"611d1b663a5c2ab412850a1c","similarities":{"AVG":0.5862068965517241,"MAX":0.68},"matches":[{"file1":"ai\\code.js","file2":"611d1b663a5c2ab412850a1c\\code.js","start1":6,"end1":12,"start2":7,"end2":12,"tokens":10},{"file1":"ai\\code.js","file2":"611d1b663a5c2ab412850a1c\\code.js","start1":15,"end1":19,"start2":20,"end2":27,"tokens":7}],"first_similarity":0.68,"second_similarity":0.5151515151515151}