{"id1":"ai","id2":"662fa29177726b1c13ea12c5","similarities":{"AVG":0.9433962264150944,"MAX":1.0},"matches":[{"file1":"ai\\code.js","file2":"662fa29177726b1c13ea12c5\\code.js","start1":5,"end1":23,"start2":5,"end2":22,"tokens":25}],"first_similarity":1.0,"second_similarity":0.8928571428571429}