{"id1":"ai","id2":"5c5b31c415f6c30001de2df5","similarities":{"MAX":0.9523809523809523,"AVG":0.9302325581395349},"matches":[{"file1":"ai\\code.js","file2":"5c5b31c415f6c30001de2df5\\code.js","start1":10,"end1":20,"start2":11,"end2":21,"tokens":12},{"file1":"ai\\code.js","file2":"5c5b31c415f6c30001de2df5\\code.js","start1":6,"end1":8,"start2":6,"end2":9,"tokens":8}],"first_similarity":0.9523809523809523,"second_similarity":0.9090909090909091}