{"id1":"ai","id2":"64dcf8790e142fae196e80b5","similarities":{"MAX":1.0,"AVG":0.972972972972973},"matches":[{"file1":"ai\\code.js","file2":"64dcf8790e142fae196e80b5\\code.js","start1":13,"end1":27,"start2":13,"end2":34,"tokens":18}],"first_similarity":1.0,"second_similarity":0.9473684210526315}