{"id1":"ai","id2":"61085eb72ce70a498366f602","similarities":{"AVG":0.8205128205128205,"MAX":1.0},"matches":[{"file1":"ai\\code.js","file2":"61085eb72ce70a498366f602\\code.js","start1":13,"end1":30,"start2":13,"end2":39,"tokens":16}],"first_similarity":1.0,"second_similarity":0.6956521739130435}